Time(s),BytesReceived
0.500560092,58
0.5015600920000001,116
0.502560092,58
0.5035600920000001,58
0.504560092,0
0.5055600920000001,58
0.506560092,58
0.5075600920000001,58
0.508560092,58
0.5095600920000001,145864
0.510560092,500224
0.5115600920000001,441978
0.512560092,58
0.5135600920000001,58
0.514560092,58
0.5155600920000001,0
0.516560092,0
0.5175600920000001,0
0.518560092,0
0.5195600920000001,0
0.520560092,0
0.5215600920000001,0
0.522560092,0
0.5235600920000001,0
0.524560092,0
0.5255600920000001,0
0.526560092,0
0.5275600920000001,0
0.528560092,0
0.5295600920000001,0
0.530560092,0
0.5315600920000001,0
0.532560092,0
0.5335600920000001,0
0.534560092,115766
0.5355600920000001,491154
0.536560092,518190
0.5375600920000001,518190
0.538560092,519692
0.5395600920000001,518190
0.540560092,518190
0.5415600920000001,519692
0.542560092,518190
0.5435600920000001,518190
0.544560092,518190
0.5455600920000001,519692
0.546560092,518190
0.5475600920000001,518190
0.548560092,519692
0.5495600920000001,518190
0.550560092,518190
0.5515600920000001,518190
0.552560092,519692
0.5535600920000001,518190
0.554560092,518190
0.5555600920000001,416954
0.556560092,0
0.5575600920000001,0
0.558560092,0
0.5595600920000001,0
0.560560092,0
0.5615600920000001,0
0.562560092,0
0.5635600920000001,0
0.564560092,15132
0.5655600920000001,91268
0.566560092,0
0.5675600920000001,0
0.568560092,0
0.5695600920000001,0
0.570560092,0
0.5715600920000001,0
0.572560092,0
0.5735600920000001,0
0.574560092,0
0.5755600920000001,0
0.576560092,0
0.5775600920000001,0
0.578560092,1302
0.5795600920000001,10780
0.580560092,0
0.5815600920000001,0
0.582560092,0
0.5835600920000001,0
0.584560092,0
0.5855600920000001,0
0.586560092,0
0.5875600920000001,0
0.588560092,0
0.5895600920000001,0
0.590560092,0
0.5915600920000001,0
0.592560092,0
0.5935600920000002,0
0.594560092,0
0.5955600920000002,0
0.596560092,0
0.5975600920000002,0
0.598560092,0
0.5995600920000002,0
0.600560092,0
0.6015600920000002,0
0.602560092,0
0.6035600920000002,0
0.604560092,0
0.6055600920000002,0
0.606560092,0
0.6075600920000002,0
0.608560092,0
0.6095600920000002,0
0.610560092,0
0.6115600920000002,0
0.6125600920000001,0
0.6135600920000002,0
0.6145600920000001,0
0.6155600920000002,0
0.6165600920000001,851600
0.6175600920000002,553540
0.6185600920000001,596120
0.6195600920000002,425800
0.6205600920000001,1029484
0.6215600920000002,35016
0.6225600920000001,0
0.6235600920000002,419430
0.6245600920000001,91530
0.6255600920000002,553540
0.6265600920000001,489608
0.6275600920000002,489732
0.6285600920000001,425800
0.6295600920000002,339564
0.6305600920000001,585034
0.6315600920000002,1596500
0.6325600920000001,1028680
0.6335600920000002,520162
0.6345600920000001,986570
0.6355600920000002,519692
0.6365600920000001,518190
0.6375600920000002,518190
0.6385600920000001,988072
0.6395600920000002,555852
0.6405600920000001,1488238
0.6415600920000002,1504760
0.6425600920000001,1550344
0.6435600920000002,1504760
0.6445600920000001,1589920
0.6455600920000002,1634002
0.6465600920000001,1037882
0.6475600920000002,1036380
0.6485600920000001,1037882
0.6495600920000002,2144962
0.6505600920000001,690858
0.6515600920000002,940446
0.6525600920000001,519692
0.6535600920000002,943990
0.6545600920000001,1029150
0.6555600920000002,519692
0.6565600920000001,696490
0.6575600920000002,1446970
0.6585600920000001,986570
0.6595600920000002,519692
0.6605600920000001,1036582
0.6615600920000002,0
0.6625600920000001,0
0.6635600920000002,0
0.6645600920000001,0
0.6655600920000002,649538
0.6665600920000001,553540
0.6675600920000002,0
0.6685600920000001,54
0.6695600920000002,469570
0.6705600920000001,0
0.6715600920000002,1128320
0.6725600920000001,425800
0.6735600920000002,883812
0.6745600920000001,52948
0.6755600920000002,547062
0.6765600920000001,6478
0.6775600920000002,0
0.6785600920000001,0
0.6795600920000002,0
0.6805600920000001,553540
0.6815600920000002,132716
0.6825600920000001,718884
0.6835600920000002,0
0.6845600920000001,0
0.6855600920000002,1021920
0.6865600920000001,425800
0.6875600920000002,0
0.6885600920000001,468380
0.6895600920000002,907752
0.6905600920000001,327068
0.6915600920000002,553540
0.6925600920000001,0
0.6935600920000002,425800
0.6945600920000001,468380
0.6955600920000002,468434
0.6965600920000001,894126
0.6975600920000002,553540
0.6985600920000001,23124
0.6995600920000002,956216
0.7005600920000001,553540
0.7015600920000002,596120
0.7025600920000001,640742
0.7035600920000002,561034
0.7045600920000001,989400
0.7055600920000002,1044904
0.7065600920000001,0
0.7075600920000003,0
0.7085600920000001,468380
0.7095600920000003,0
0.7105600920000001,468380
0.7115600920000003,469570
0.7125600920000001,1119716
0.7135600920000003,1038686
0.7145600920000001,1033860
0.7155600920000003,131084
0.7165600920000001,259262
0.7175600920000003,166538
0.7185600920000002,0
0.7195600920000003,0
0.7205600920000002,0
0.7215600920000003,0
0.7225600920000002,220680
0.7235600920000003,431122
0.7245600920000002,633724
0.7255600920000003,750080
0.7265600920000002,604354
0.7275600920000003,0
0.7285600920000002,0
0.7295600920000003,0
0.7305600920000002,0
0.7315600920000003,553540
0.7325600920000002,0
0.7335600920000003,0
0.7345600920000002,208810
0.7355600920000003,727950
0.7365600920000002,0
0.7375600920000003,849412
0.7385600920000002,598308
0.7395600920000003,425908
0.7405600920000002,426936
0.7415600920000003,492812
0.7425600920000002,450172
0.7435600920000003,164096
0.7445600920000002,343752
0.7455600920000003,82048
0.7465600920000002,488992
0.7475600920000003,575508
0.7485600920000002,0
0.7495600920000003,54
0.7505600920000002,979286
0.7515600920000003,1107080
0.7525600920000002,384776
0.7535600920000003,384776
0.7545600920000002,82048
0.7555600920000003,0
0.7565600920000002,384776
0.7575600920000003,41024
0.7585600920000002,469936
0.7595600920000003,41024
0.7605600920000002,894180
0.7615600920000003,0
0.7625600920000002,0
0.7635600920000003,54720
0.7645600920000002,456240
0.7655600920000003,0
0.7665600920000002,0
0.7675600920000003,104232
0.7685600920000002,364148
0.7695600920000003,0
0.7705600920000002,894180
0.7715600920000003,15560
0.7725600920000002,878620
0.7735600920000003,0
0.7745600920000002,0
0.7755600920000003,468380
0.7765600920000002,81864
0.7775600920000003,514256
0.7785600920000002,0
0.7795600920000003,0
0.7805600920000002,1021920
0.7815600920000003,468380
0.7825600920000002,0
0.7835600920000003,936760
0.7845600920000002,510960
0.7855600920000003,510960
0.7865600920000002,0
0.7875600920000003,17224
0.7885600920000002,1644640
0.7895600920000003,468380
0.7905600920000002,936760
0.7915600920000003,510960
0.7925600920000002,468380
0.7935600920000003,0
0.7945600920000002,425854
0.7955600920000003,945664
0.7965600920000002,714902
0.7975600920000003,425854
0.7985600920000002,468326
0.7995600920000003,621762
0.8005600920000002,357578
0.8015600920000003,1064500
0.8025600920000002,425854
0.8035600920000003,639624
0.8045600920000002,254502
0.8055600920000003,1107080
0.8065600920000002,0
0.8075600920000003,0
0.8085600920000002,0
0.8095600920000003,0
0.8105600920000002,0
0.8115600920000003,348420
0.8125600920000002,205120
0.8135600920000003,54
0.8145600920000002,425746
0.8155600920000003,406728
0.8165600920000002,231972
0.8175600920000003,0
0.8185600920000002,468380
0.8195600920000004,425800
0.8205600920000002,1064554
0.8215600920000004,468326
0.8225600920000002,0
0.8235600920000004,0
0.8245600920000002,857284
0.8255600920000004,462696
0.8265600920000002,627716
0.8275600920000004,10984
0.8285600920000002,0
0.8295600920000004,936760
0.8305600920000002,0
0.8315600920000004,468380
0.8325600920000003,425800
0.8335600920000004,0
0.8345600920000003,0
0.8355600920000004,510960
0.8365600920000003,78698
0.8375600920000004,900642
0.8385600920000003,851600
0.8395600920000004,0
0.8405600920000003,553540
0.8415600920000004,510960
0.8425600920000003,596120
0.8435600920000004,468380
0.8445600920000003,510960
0.8455600920000004,152296
0.8465600920000003,880462
0.8475600920000004,0
0.8485600920000003,894180
0.8495600920000004,553540
0.8505600920000003,0
0.8515600920000004,603576
0.8525600920000003,248024
0.8535600920000004,0
0.8545600920000003,468380
0.8555600920000004,596120
0.8565600920000003,343844
0.8575600920000004,501278
0.8585600920000003,6478
0.8595600920000004,425800
0.8605600920000003,553540
0.8615600920000004,468380
0.8625600920000003,0
0.8635600920000004,108
0.8645600920000003,425692
0.8655600920000004,638700
0.8665600920000003,0
0.8675600920000004,9606
0.8685600920000003,458774
0.8695600920000004,387364
0.8705600920000003,852432
0.8715600920000004,719338
0.8725600920000003,515174
0.8735600920000004,123072
0.8745600920000003,0
0.8755600920000004,0
0.8765600920000003,492574
0.8775600920000004,103546
0.8785600920000003,0
0.8795600920000004,468380
0.8805600920000003,589350
0.8815600920000004,1308148
0.8825600920000003,231502
0.8835600920000004,0
0.8845600920000003,0
0.8855600920000004,979340
0.8865600920000003,1044288
0.8875600920000004,254788
0.8885600920000003,489284
0.8895600920000004,0
0.8905600920000003,0
0.8915600920000004,427356
0.8925600920000003,41024
0.8935600920000004,0
0.8945600920000003,425800
0.8955600920000004,0
0.8965600920000003,468380
0.8975600920000004,0
0.8985600920000003,0
0.8995600920000004,0
0.9005600920000003,0
0.9015600920000004,425800
0.9025600920000003,422218
0.9035600920000004,217076
0.9045600920000003,893586
0.9055600920000004,406528
0.9065600920000003,147012
0.9075600920000004,425800
0.9085600920000003,468380
0.9095600920000004,0
0.9105600920000003,510960
0.9115600920000004,0
0.9125600920000003,663256
0.9135600920000004,662100
0.9145600920000003,164944
0.9155600920000004,0
0.9165600920000003,196070
0.9175600920000004,442630
0.9185600920000003,0
0.9195600920000004,0
0.9205600920000003,553540
0.9215600920000004,705782
0.9225600920000003,741938
0.9235600920000004,0
0.9245600920000003,0
0.9255600920000004,473702
0.9265600920000003,473950
0.9275600920000004,775366
0.9285600920000003,266026
0.9295600920000004,568868
0.9305600920000003,82048
0.9315600920000005,384776
0.9325600920000003,41024
0.9335600920000005,371404
0.9345600920000003,96976
0.9355600920000005,0
0.9365600920000003,0
0.9375600920000005,1077132
0.9385600920000003,311340
0.9395600920000005,784664
0.9405600920000003,472210
0.9415600920000005,931034
0.9425600920000003,625448
0.9435600920000005,611764
0.9445600920000004,553540
0.9455600920000005,0
0.9465600920000004,0
0.9475600920000005,703756
0.9485600920000004,233004
0.9495600920000005,0
0.9505600920000004,425800
0.9515600920000005,0
0.9525600920000004,596120
0.9535600920000005,525656
0.9545600920000004,381464
0.9555600920000005,340186
0.9565600920000004,285574
0.9575600920000005,248424
0.9585600920000004,645756
0.9595600920000005,0
0.9605600920000004,0
0.9615600920000005,1064500
0.9625600920000004,553540
0.9635600920000005,798408
0.9645600920000004,986570
0.9655600920000005,197094
0.9665600920000004,638700
0.9675600920000005,553540
0.9685600920000004,596120
0.9695600920000005,0
0.9705600920000004,0
0.9715600920000005,0
0.9725600920000004,638700
0.9735600920000005,638700
0.9745600920000004,745196
0.9755600920000005,965940
0.9765600920000004,513684
0.9775600920000005,225632
0.9785600920000004,468380
0.9795600920000005,425800
0.9805600920000004,425800
0.9815600920000005,0
0.9825600920000004,0
0.9835600920000005,468380
0.9845600920000004,739550
0.9855600920000005,367530
0.9865600920000004,0
0.9875600920000005,689352
0.9885600920000004,289988
0.9895600920000005,10838
0.9905600920000004,468380
0.9915600920000005,0
0.9925600920000004,0
0.9935600920000005,1064500
0.9945600920000004,468380
0.9955600920000005,0
0.9965600920000004,638700
0.9975600920000005,0
0.9985600920000004,0
0.9995600920000005,468380
1.0005600920000004,894180
1.0015600920000005,377828
1.0025600920000004,47972
1.0035600920000005,425800
1.0045600920000004,92162
1.0055600920000005,333638
1.0065600920000004,0
1.0075600920000005,0
1.0085600920000004,638700
1.0095600920000005,0
1.0105600920000004,0
1.0115600920000005,0
1.0125600920000004,0
1.0135600920000005,510960
1.0145600920000004,468380
1.0155600920000005,1107080
1.0165600920000004,0
1.0175600920000005,0
1.0185600920000004,0
1.0195600920000005,1446698
1.0205600920000004,907942
1.0215600920000005,868204
1.0225600920000004,762740
1.0235600920000005,1029150
1.0245600920000004,945492
1.0255600920000005,518190
1.0265600920000004,1582690
1.0275600920000005,1073232
1.0285600920000004,518190
1.0295600920000005,518190
1.0305600920000004,1413872
1.0315600920000005,518190
1.0325600920000004,1114310
1.0335600920000005,954828
1.0345600920000004,519692
1.0355600920000005,536916
1.0365600920000004,1053004
1.0375600920000005,1073232
1.0385600920000004,518190
1.0395600920000005,1540110
1.0405600920000004,714630
1.0415600920000005,553540
1.0425600920000004,1090504
1.0435600920000005,1464296
1.0445600920000004,0
1.0455600920000006,596120
1.0465600920000004,0
1.0475600920000006,553540
1.0485600920000004,0
1.0495600920000006,1149660
1.0505600920000004,524532
1.0515600920000006,584104
1.0525600920000004,466824
1.0535600920000006,10838
1.0545600920000004,427086
1.0555600920000006,126454
1.0565600920000005,575200
1.0575600920000006,567970
1.0585600920000005,501668
1.0595600920000006,890774
1.0605600920000005,212484
1.0615600920000006,1107658
1.0625600920000005,1258128
1.0635600920000006,274590
1.0645600920000005,468380
1.0655600920000006,0
1.0665600920000005,0
1.0675600920000006,553540
1.0685600920000005,0
1.0695600920000006,425800
1.0705600920000005,824240
1.0715600920000006,124552
1.0725600920000005,533998
1.0735600920000006,305570
1.0745600920000005,553540
1.0755600920000006,0
1.0765600920000005,638700
1.0775600920000006,676196
1.0785600920000005,845716
1.0795600920000006,394188
1.0805600920000005,553540
1.0815600920000006,0
1.0825600920000005,835224
1.0835600920000006,689838
1.0845600920000005,699920
1.0855600920000006,713038
1.0865600920000005,0
1.0875600920000006,0
1.0885600920000005,0
1.0895600920000006,0
1.0905600920000005,638700
1.0915600920000006,0
1.0925600920000005,402422
1.0935600920000006,1002718
1.0945600920000005,0
1.0955600920000006,552238
1.0965600920000005,676590
1.0975600920000006,985332
1.0985600920000005,0
1.0995600920000006,184162
1.1005600920000005,752598
1.1015600920000006,417722
1.1025600920000005,986516
1.1035600920000006,577834
1.1045600920000005,0
1.1055600920000006,596120
1.1065600920000005,553540
1.1075600920000006,468380
1.1085600920000005,1319980
1.1095600920000006,0
1.1105600920000005,549600
1.1115600920000006,25180
1.1125600920000005,425800
1.1135600920000006,0
1.1145600920000005,1192240
1.1155600920000006,0
1.1165600920000005,386332
1.1175600920000006,82048
1.1185600920000005,0
1.1195600920000006,0
1.1205600920000005,0
1.1215600920000006,149292
1.1225600920000005,1050430
1.1235600920000006,1106800
1.1245600920000005,1029150
1.1255600920000006,986570
1.1265600920000005,1412370
1.1275600920000006,519692
1.1285600920000005,518190
1.1295600920000006,518190
1.1305600920000005,864692
1.1315600920000006,1224880
1.1325600920000005,750848
1.1335600920000006,911550
1.1345600920000005,523844
1.1355600920000006,930002
1.1365600920000005,532178
1.1375600920000006,519692
1.1385600920000005,518190
1.1395600920000006,518190
1.1405600920000005,519692
1.1415600920000006,694626
1.1425600920000005,888816
1.1435600920000006,765698
1.1445600920000005,470352
1.1455600920000006,468380
1.1465600920000005,468380
1.1475600920000006,10838
1.1485600920000005,0
1.1495600920000006,0
1.1505600920000005,519560
1.1515600920000006,55220
1.1525600920000005,468380
1.1535600920000006,0
1.1545600920000005,988094
1.1555600920000006,12486
1.1565600920000005,705674
1.1575600920000007,723552
1.1585600920000005,614614
1.1595600920000007,553540
1.1605600920000005,0
1.1615600920000007,510960
1.1625600920000005,425800
1.1635600920000007,0
1.1645600920000005,596120
1.1655600920000007,0
1.1665600920000005,269360
1.1675600920000007,199020
1.1685600920000005,468380
1.1695600920000007,0
1.1705600920000006,661986
1.1715600920000007,1083794
1.1725600920000006,943114
1.1735600920000007,121386
1.1745600920000006,562606
1.1755600920000007,588610
1.1765600920000006,551984
1.1775600920000007,469624
1.1785600920000006,526790
1.1795600920000007,1261570
1.1805600920000006,0
1.1815600920000007,468380
1.1825600920000006,0
1.1835600920000007,468380
1.1845600920000006,360592
1.1855600920000007,519692
1.1865600920000006,518190
1.1875600920000007,1071730
1.1885600920000006,519692
1.1895600920000007,1540110
1.1905600920000006,518190
1.1915600920000007,986732
1.1925600920000006,1498870
1.1935600920000007,518190
1.1945600920000006,518190
1.1955600920000007,519692
1.1965600920000006,518190
1.1975600920000007,1497530
1.1985600920000006,1160488
1.1995600920000007,984474
1.2005600920000006,1466188
1.2015600920000007,634692
1.2025600920000006,1073232
1.2035600920000007,518190
1.2045600920000006,1029150
1.2055600920000007,611970
1.2065600920000006,553540
1.2075600920000007,0
1.2085600920000006,10838
1.2095600920000007,966584
1.2105600920000006,206092
1.2115600920000007,360204
1.2125600920000006,345308
1.2135600920000007,123072
1.2145600920000006,0
1.2155600920000007,0
1.2165600920000006,0
1.2175600920000007,425800
1.2185600920000006,0
1.2195600920000007,468380
1.2205600920000006,0
1.2215600920000007,591214
1.2225600920000006,984246
1.2235600920000007,256512
1.2245600920000006,297028
1.2255600920000007,468380
1.2265600920000006,596120
1.2275600920000007,596120
1.2285600920000006,425800
1.2295600920000007,0
1.2305600920000006,0
1.2315600920000007,10838
1.2325600920000006,0
1.2335600920000007,1064500
1.2345600920000006,596120
1.2355600920000007,553540
1.2365600920000006,0
1.2375600920000007,0
1.2385600920000006,0
1.2395600920000007,0
1.2405600920000006,468380
1.2415600920000007,468380
1.2425600920000006,468380
1.2435600920000007,747304
1.2445600920000006,551336
1.2455600920000007,425800
1.2465600920000006,574834
1.2475600920000007,425746
1.2485600920000006,0
1.2495600920000007,0
1.2505600920000006,88730
1.2515600920000007,443470
1.2525600920000006,851600
1.2535600920000007,425800
1.2545600920000006,0
1.2555600920000007,627662
1.2565600920000006,905218
1.2575600920000007,244026
1.2585600920000006,820474
1.2595600920000007,264946
1.2605600920000006,226612
1.2615600920000007,491380
1.2625600920000006,464782
1.2635600920000007,596120
1.2645600920000006,372452
1.2655600920000007,181088
1.2665600920000006,596120
1.2675600920000007,0
1.2685600920000006,476592
1.2695600920000008,545328
1.2705600920000006,510960
1.2715600920000008,638700
1.2725600920000006,1064500
1.2735600920000008,0
1.2745600920000006,518524
1.2755600920000008,504952
1.2765600920000006,41024
1.2775600920000008,0
1.2785600920000006,29132
1.2795600920000008,950208
1.2805600920000006,0
1.2815600920000008,0
1.2825600920000007,0
1.2835600920000008,936760
1.2845600920000007,596120
1.2855600920000008,0
1.2865600920000007,436638
1.2875600920000008,596120
1.2885600920000007,508988
1.2895600920000008,1972
1.2905600920000007,801548
1.2915600920000008,262952
1.2925600920000007,430360
1.2935600920000008,38020
1.2945600920000007,0
1.2955600920000008,510960
1.2965600920000007,0
1.2975600920000008,553540
1.2985600920000007,0
1.2995600920000008,638700
1.3005600920000007,638700
1.3015600920000008,471530
1.3025600920000007,1103460
1.3035600920000008,470
1.3045600920000007,116302
1.3055600920000008,905618
1.3065600920000007,0
1.3075600920000008,974148
1.3085600920000007,132932
1.3095600920000008,936760
1.3105600920000007,0
1.3115600920000008,987520
1.3125600920000007,76980
1.3135600920000008,585136
1.3145600920000007,10984
1.3155600920000008,0
1.3165600920000007,0
1.3175600920000008,41148
1.3185600920000007,427232
1.3195600920000008,468380
1.3205600920000007,262466
1.3215600920000008,248548
1.3225600920000007,468326
1.3235600920000008,553540
1.3245600920000007,0
1.3255600920000008,553540
1.3265600920000007,0
1.3275600920000008,468380
1.3285600920000007,0
1.3295600920000008,468380
1.3305600920000007,425800
1.3315600920000008,0
1.3325600920000007,648
1.3335600920000008,929634
1.3345600920000007,432278
1.3355600920000008,12772
1.3365600920000007,1160974
1.3375600920000008,18494
1.3385600920000007,324896
1.3395600920000008,186064
1.3405600920000007,425800
1.3415600920000008,0
1.3425600920000007,384776
1.3435600920000008,41024
1.3445600920000007,0
1.3455600920000008,476706
1.3465600920000007,512532
1.3475600920000008,245582
1.3485600920000007,0
1.3495600920000008,894180
1.3505600920000007,0
1.3515600920000008,0
1.3525600920000007,510960
1.3535600920000008,810522
1.3545600920000007,563796
1.3555600920000008,393946
1.3565600920000007,596120
1.3575600920000008,0
1.3585600920000007,420354
1.3595600920000008,899626
1.3605600920000007,1192240
1.3615600920000008,468380
1.3625600920000007,0
1.3635600920000008,468380
1.3645600920000007,638700
1.3655600920000008,0
1.3665600920000007,0
1.3675600920000008,0
1.3685600920000007,754878
1.3695600920000008,224462
1.3705600920000007,553540
1.3715600920000008,0
1.3725600920000007,0
1.3735600920000008,0
1.3745600920000007,510960
1.3755600920000008,468380
1.3765600920000007,815802
1.3775600920000008,803482
1.3785600920000007,0
1.3795600920000008,0
1.3805600920000007,596120
1.3815600920000009,1107080
1.3825600920000007,0
1.3835600920000009,638700
1.3845600920000007,0
1.3855600920000009,0
1.3865600920000007,936760
1.3875600920000009,638700
1.3885600920000007,425800
1.3895600920000009,510960
1.3905600920000007,0
1.3915600920000009,468380
1.3925600920000007,0
1.3935600920000009,0
1.3945600920000008,510960
1.3955600920000009,0
1.3965600920000008,425800
1.3975600920000009,0
1.3985600920000008,413460
1.3995600920000009,54920
1.4005600920000008,0
1.4015600920000009,480704
1.4025600920000008,260834
1.4035600920000009,1171006
1.4045600920000008,518190
1.4055600920000009,913898
1.4065600920000008,0
1.4075600920000009,0
1.4085600920000008,596120
1.4095600920000009,0
1.4105600920000008,425800
1.4115600920000009,1064500
1.4125600920000008,638700
1.4135600920000009,40666
1.4145600920000008,65734
1.4155600920000009,10784
1.4165600920000008,511014
1.4175600920000009,0
1.4185600920000008,0
1.4195600920000009,574780
1.4205600920000008,468380
1.4215600920000009,0
1.4225600920000008,425800
1.4235600920000009,0
1.4245600920000008,468380
1.425560092000001,971922
1.4265600920000008,558570
1.427560092000001,470768
1.4285600920000008,425800
1.429560092000001,0
1.4305600920000008,468380
1.431560092000001,510960
1.4325600920000008,0
1.433560092000001,0
1.4345600920000008,665736
1.435560092000001,271024
1.4365600920000008,201046
1.437560092000001,1374414
1.4385600920000008,417350
1.439560092000001,913128
1.4405600920000008,202402
1.441560092000001,302728
1.4425600920000008,123072
1.443560092000001,908206
1.4445600920000008,241454
1.445560092000001,443932
1.4465600920000008,536964
1.447560092000001,466824
1.4485600920000008,557700
1.449560092000001,570620
1.4505600920000008,1284434
1.451560092000001,572640
1.4525600920000008,529298
1.453560092000001,1530504
1.4545600920000008,943990
1.455560092000001,986570
1.4565600920000008,1626772
1.457560092000001,1071730
1.4585600920000008,986570
1.459560092000001,1117908
1.4605600920000008,987640
1.461560092000001,1622104
1.4625600920000008,519692
1.463560092000001,1114310
1.4645600920000008,518190
1.465560092000001,518190
1.4665600920000008,519692
1.467560092000001,518190
1.4685600920000008,986570
1.469560092000001,519692
1.4705600920000008,518190
1.471560092000001,943990
1.4725600920000008,519692
1.473560092000001,845150
1.4745600920000008,702298
1.475560092000001,986462
1.4765600920000008,945492
1.477560092000001,518190
1.4785600920000008,1071730
1.479560092000001,1030652
1.4805600920000008,572910
1.481560092000001,1400230
1.4825600920000008,1115812
1.483560092000001,518190
1.4845600920000008,1167404
1.485560092000001,805736
1.4865600920000008,519692
1.487560092000001,1158500
1.4885600920000008,899800
1.489560092000001,1073232
1.4905600920000008,518190
1.491560092000001,518190
1.4925600920000008,1273538
1.493560092000001,1529142
1.4945600920000008,839812
1.495560092000001,519692
1.4965600920000008,518190
1.497560092000001,943990
1.4985600920000008,1368742
1.499560092000001,1003940
1.5005600920000008,716270
1.501560092000001,948658
1.5025600920000008,642764
1.503560092000001,655412
1.5045600920000008,806768
1.505560092000001,904468
1.5065600920000009,559214
1.507560092000001,518190
1.5085600920000009,1039718
1.509560092000001,1105244
1.5105600920000009,943990
1.511560092000001,518190
1.5125600920000009,994242
1.513560092000001,1066804
1.5145600920000009,1071730
1.515560092000001,519692
1.5165600920000009,1497530
1.517560092000001,745094
1.5185600920000009,888908
1.519560092000001,518190
1.5205600920000009,943990
1.521560092000001,1029150
1.5225600920000009,1252536
1.523560092000001,1504760
1.5245600920000009,1036380
1.525560092000001,1095660
1.5265600920000009,1533644
1.527560092000001,1462180
1.5285600920000009,1037882
1.529560092000001,2283540
1.5305600920000009,1036380
1.531560092000001,1036380
1.5325600920000009,1039384
1.533560092000001,1036380
1.5345600920000009,1462180
1.535560092000001,1463682
1.5365600920000009,1676582
1.537560092000001,1036380
1.5385600920000009,1037882
1.539560092000001,1037882
1.5405600920000009,1155150
1.541560092000001,2169238
1.5425600920000009,2109612
1.543560092000001,1277600
1.5445600920000009,1036438
1.545560092000001,1475964
1.5465600920000009,1036380
1.547560092000001,1506004
1.5485600920000009,1037882
1.549560092000001,1774336
1.550560092000001,1407006
1.551560092000001,1037882
1.552560092000001,1037882
1.553560092000001,1589920
1.554560092000001,1036380
1.555560092000001,1121194
1.556560092000001,1508110
1.557560092000001,1414878
1.558560092000001,1670336
1.559560092000001,1857870
1.560560092000001,1036380
1.561560092000001,1425200
1.562560092000001,1002968
1.563560092000001,961690
1.564560092000001,1010980
1.565560092000001,520162
1.566560092000001,518190
1.567560092000001,986570
1.568560092000001,519692
1.569560092000001,968076
1.570560092000001,716070
1.571560092000001,1527116
1.572560092000001,906840
1.573560092000001,1029150
1.574560092000001,1115812
1.575560092000001,986570
1.576560092000001,986624
1.577560092000001,1540056
1.578560092000001,519692
1.579560092000001,518190
1.580560092000001,557890
1.581560092000001,1253780
1.582560092000001,788452
1.583560092000001,1113208
1.584560092000001,796724
1.585560092000001,1219492
1.586560092000001,1025866
1.587560092000001,1036380
1.588560092000001,1571426
1.589560092000001,1109486
1.590560092000001,1410572
1.591560092000001,1591422
1.592560092000001,2144962
1.593560092000001,1888126
1.594560092000001,1080316
1.595560092000001,1675080
1.596560092000001,1506262
1.597560092000001,1506262
1.598560092000001,1504760
1.599560092000001,1506262
1.600560092000001,1410734
1.601560092000001,1921926
1.602560092000001,1530348
1.603560092000001,1414516
1.604560092000001,1378948
1.605560092000001,2010010
1.606560092000001,1128202
1.607560092000001,519692
1.608560092000001,518190
1.609560092000001,1019722
1.610560092000001,570198
1.611560092000001,1050286
1.612560092000001,583716
1.613560092000001,988126
1.614560092000001,560716
1.615560092000001,518190
1.616560092000001,518190
1.617560092000001,1228532
1.618560092000001,831270
1.619560092000001,943990
1.620560092000001,1073232
1.621560092000001,834528
1.622560092000001,1649572
1.623560092000001,521734
1.624560092000001,926458
1.625560092000001,857166
1.626560092000001,678158
1.627560092000001,547198
1.628560092000001,518190
1.629560092000001,518190
1.630560092000001,1073232
1.631560092000001,1197968
1.632560092000001,817752
1.633560092000001,518190
1.634560092000001,1073232
1.635560092000001,954558
1.636560092000001,1030652
1.637560092000001,986786
1.638560092000001,986624
1.639560092000001,986570
1.640560092000001,1033764
1.641560092000001,1111198
1.642560092000001,986570
1.643560092000001,519692
1.644560092000001,1071730
1.645560092000001,635016
1.646560092000001,1119794
1.647560092000001,1334142
1.648560092000001,1427698
1.649560092000001,679730
1.650560092000001,892944
1.651560092000001,564190
1.652560092000001,518190
1.653560092000001,947048
1.654560092000001,766052
1.655560092000001,779732
1.656560092000001,1156890
1.657560092000001,945492
1.658560092000001,518190
1.659560092000001,1116324
1.660560092000001,521296
1.661560092000001,468380
1.662560092000001,466408
1.663560092000001,1972
1.664560092000001,106400
1.665560092000001,594148
1.666560092000001,427772
1.667560092000001,596120
1.668560092000001,596120
1.669560092000001,638700
1.670560092000001,456040
1.671560092000001,94566
1.672560092000001,854534
1.673560092000001,393318
1.674560092000001,500862
1.6755600920000011,553540
1.676560092000001,425800
1.6775600920000011,0
1.678560092000001,0
1.6795600920000011,468380
1.680560092000001,0
1.6815600920000011,111908
1.682560092000001,947394
1.6835600920000011,986570
1.684560092000001,518190
1.6855600920000011,972582
1.686560092000001,533680
1.6875600920000011,877578
1.688560092000001,628738
1.6895600920000011,1497476
1.690560092000001,518190
1.6915600920000011,646358
1.692560092000001,1499848
1.6935600920000011,550272
1.694560092000001,913410
1.6955600920000011,640446
1.696560092000001,864314
1.6975600920000011,1029150
1.698560092000001,988072
1.6995600920000011,986570
1.700560092000001,943990
1.7015600920000011,988072
1.702560092000001,715414
1.7035600920000011,737956
1.704560092000001,0
1.7055600920000011,468380
1.706560092000001,468380
1.7075600920000011,1064500
1.708560092000001,0
1.7095600920000011,1021920
1.710560092000001,425800
1.7115600920000011,0
1.712560092000001,237002
1.7135600920000011,327722
1.714560092000001,73976
1.7155600920000011,0
1.716560092000001,0
1.7175600920000011,468380
1.718560092000001,553540
1.7195600920000012,1107080
1.720560092000001,58
1.7215600920000012,745042
1.722560092000001,638700
1.7235600920000012,851600
1.724560092000001,468380
1.7255600920000012,510960
1.726560092000001,425800
1.7275600920000012,294008
1.728560092000001,642752
1.7295600920000012,596120
1.730560092000001,0
1.7315600920000012,510960
1.732560092000001,468380
1.7335600920000012,1064500
1.734560092000001,596120
1.7355600920000012,468380
1.736560092000001,0
1.7375600920000012,0
1.738560092000001,0
1.7395600920000012,232788
1.740560092000001,618812
1.7415600920000012,468380
1.742560092000001,638700
1.7435600920000012,510960
1.744560092000001,26074
1.7455600920000012,1622768
1.746560092000001,54358
1.7475600920000012,61252
1.748560092000001,492288
1.7495600920000012,0
1.750560092000001,629218
1.7515600920000012,9482
1.752560092000001,58
1.7535600920000012,512146
1.754560092000001,510960
1.7555600920000012,0
1.756560092000001,425800
1.7575600920000012,405804
1.758560092000001,445796
1.7595600920000012,596120
1.760560092000001,0
1.7615600920000012,553540
1.762560092000001,425800
1.7635600920000012,0
1.764560092000001,0
1.7655600920000012,387834
1.766560092000001,591506
1.7675600920000012,0
1.768560092000001,0
1.7695600920000012,468380
1.770560092000001,0
1.7715600920000012,0
1.772560092000001,0
1.7735600920000012,395394
1.774560092000001,658334
1.7755600920000012,541616
1.776560092000001,512316
1.7775600920000012,0
1.778560092000001,0
1.7795600920000012,0
1.780560092000001,0
1.7815600920000012,533544
1.782560092000001,365304
1.7835600920000012,548872
1.784560092000001,0
1.7855600920000012,553540
1.786560092000001,0
1.7875600920000012,222236
1.788560092000001,246144
1.7895600920000012,425800
1.790560092000001,468380
1.7915600920000012,596120
1.792560092000001,0
1.7935600920000012,106346
1.794560092000001,146504
1.7955600920000012,449670
1.796560092000001,553540
1.7975600920000012,407922
1.798560092000001,118236
1.7995600920000012,495762
1.8005600920000011,553540
1.8015600920000012,425800
1.8025600920000011,0
1.8035600920000012,638700
1.8045600920000011,894180
1.8055600920000012,71188
1.8065600920000011,822992
1.8075600920000012,553540
1.8085600920000011,0
1.8095600920000012,596120
1.8105600920000011,1064500
1.8115600920000012,101228
1.8125600920000011,974110
1.8135600920000012,553540
1.8145600920000011,369556
1.8155600920000012,269144
1.8165600920000011,468380
1.8175600920000012,638700
1.8185600920000011,66682
1.8195600920000012,401698
1.8205600920000011,0
1.8215600920000012,0
1.8225600920000011,468380
1.8235600920000012,0
1.8245600920000011,425800
1.8255600920000012,468380
1.8265600920000011,510960
1.8275600920000012,54
1.8285600920000011,851546
1.8295600920000012,596120
1.8305600920000011,468380
1.8315600920000012,173270
1.8325600920000011,257090
1.8335600920000013,847040
1.8345600920000011,0
1.8355600920000013,0
1.8365600920000011,553540
1.8375600920000013,0
1.8385600920000011,1468894
1.8395600920000013,660106
1.8405600920000011,553540
1.8415600920000013,0
1.8425600920000011,0
1.8435600920000013,425800
1.8445600920000012,0
1.8455600920000013,0
1.8465600920000012,468380
1.8475600920000013,0
1.8485600920000012,468380
1.8495600920000013,482514
1.8505600920000012,667146
1.8515600920000013,0
1.8525600920000012,1469252
1.8535600920000013,64872
1.8545600920000012,1556
1.8555600920000013,575654
1.8565600920000012,615030
1.8575600920000013,682474
1.8585600920000012,424606
1.8595600920000013,638700
1.8605600920000012,0
1.8615600920000013,345346
1.8625600920000012,506254
1.8635600920000013,894342
1.8645600920000012,1085512
1.8655600920000013,289022
1.8665600920000012,287168
1.8675600920000013,498474
1.8685600920000012,12486
1.8695600920000013,425800
1.8705600920000012,468380
1.8715600920000013,106346
1.8725600920000012,726448
1.8735600920000013,295526
1.8745600920000012,468380
1.8755600920000013,468434
1.8765600920000012,425746
1.8775600920000013,979340
1.8785600920000012,227866
1.8795600920000013,708894
1.8805600920000012,638700
1.8815600920000013,0
1.8825600920000012,272126
1.8835600920000013,207092
1.8845600920000012,0
1.8855600920000013,0
1.8865600920000012,0
1.8875600920000013,102676
1.8885600920000012,791504
1.8895600920000013,425800
1.8905600920000012,425800
1.8915600920000013,0
1.8925600920000012,425800
1.8935600920000013,468380
1.8945600920000012,0
1.8955600920000013,468380
1.8965600920000012,1192240
1.8975600920000013,0
1.8985600920000012,553540
1.8995600920000013,415432
1.9005600920000012,971668
1.9015600920000013,869640
1.9025600920000012,553540
1.9035600920000013,480596
1.9045600920000012,72944
1.9055600920000013,468380
1.9065600920000012,0
1.9075600920000013,0
1.9085600920000012,469624
1.9095600920000013,0
1.9105600920000012,851600
1.9115600920000013,111068
1.9125600920000012,463712
1.9135600920000013,510960
1.9145600920000012,468380
1.9155600920000013,510960
1.9165600920000012,617360
1.9175600920000013,638700
1.9185600920000012,0
1.9195600920000013,1021920
1.9205600920000012,652380
1.9215600920000013,412120
1.9225600920000012,548564
1.9235600920000013,959814
1.9245600920000012,578042
1.9255600920000013,0
1.9265600920000012,17224
1.9275600920000013,536316
1.9285600920000012,479218
1.9295600920000013,443970
1.9305600920000012,24410
1.9315600920000013,596120
1.9325600920000012,0
1.9335600920000013,510960
1.9345600920000012,553540
1.9355600920000013,936760
1.9365600920000012,553540
1.9375600920000013,553540
1.9385600920000012,0
1.9395600920000013,425800
1.9405600920000012,0
1.9415600920000013,0
1.9425600920000012,0
1.9435600920000013,518016
1.9445600920000012,377408
1.9455600920000014,596120
1.9465600920000012,553540
1.9475600920000014,0
1.9485600920000012,24572
1.9495600920000014,954768
1.9505600920000012,0
1.9515600920000014,0
1.9525600920000012,962494
1.9535600920000014,655546
1.9545600920000012,638700
1.9555600920000014,0
1.9565600920000012,532200
1.9575600920000014,425800
1.9585600920000013,596120
1.9595600920000014,4618
1.9605600920000013,369552
1.9615600920000014,105048
1.9625600920000013,400882
1.9635600920000014,237818
1.9645600920000013,1274958
1.9655600920000014,470822
1.9665600920000013,468380
1.9675600920000014,468380
1.9685600920000013,0
1.9695600920000014,1101122
1.9705600920000013,197518
1.9715600920000014,425800
1.9725600920000013,23070
1.9735600920000014,828530
1.9745600920000013,510960
1.9755600920000014,0
1.9765600920000013,0
1.9775600920000014,1027042
1.9785600920000013,179202
1.9795600920000014,369216
1.9805600920000013,374462
1.9815600920000014,136498
1.9825600920000013,427356
1.9835600920000014,41024
1.9845600920000013,1021920
1.9855600920000014,468380
1.9865600920000013,425800
1.9875600920000014,126870
1.9885600920000013,1114082
1.9895600920000014,462248
1.9905600920000013,510960
1.9915600920000014,1192240
1.9925600920000013,0
1.9935600920000014,345308
1.9945600920000013,477214
1.9955600920000014,199398
1.9965600920000013,5100
1.9975600920000014,425260
1.9985600920000013,39264
1.9995600920000014,425800
2.0005600920000015,573736
2.0015600920000014,65072
2.0025600920000013,458790
2.0035600920000016,9482
2.004560092000001,360328
2.0055600920000014,108052
2.0065600920000013,638700
2.007560092000001,553540
2.0085600920000015,0
2.0095600920000014,468380
2.0105600920000013,1015534
2.0115600920000016,6386
2.012560092000001,0
2.0135600920000014,0
2.0145600920000013,266372
2.015560092000001,287168
2.0165600920000015,0
2.0175600920000014,827594
2.0185600920000013,548700
2.0195600920000016,350298
2.020560092000001,468380
2.0215600920000014,638700
2.0225600920000013,222236
2.023560092000001,242670
2.0245600920000015,478078
2.0255600920000014,535202
2.0265600920000013,1068726
2.0275600920000016,836842
2.028560092000001,386678
2.0295600920000014,596120
2.0305600920000013,553702
2.031560092000001,1064338
2.0325600920000015,0
2.0335600920000014,553540
2.0345600920000013,0
2.0355600920000017,425800
2.036560092000001,425800
2.0375600920000014,894342
2.0385600920000013,425638
2.039560092000001,1107080
2.0405600920000015,468380
2.0415600920000014,0
2.0425600920000013,0
2.0435600920000017,0
2.044560092000001,425800
2.0455600920000014,0
2.0465600920000013,553540
2.047560092000001,0
2.0485600920000016,1213426
2.0495600920000014,54
2.0505600920000013,553540
2.0515600920000017,0
2.052560092000001,596120
2.0535600920000014,62176
2.0545600920000013,966454
2.0555600920000012,1057790
2.0565600920000016,0
2.0575600920000015,468380
2.0585600920000013,468380
2.0595600920000017,553540
2.060560092000001,0
2.0615600920000015,510960
2.0625600920000013,0
2.0635600920000012,468380
2.0645600920000016,425800
2.0655600920000015,0
2.0665600920000013,752706
2.0675600920000017,1169926
2.068560092000001,759908
2.0695600920000015,553540
2.0705600920000014,936760
2.0715600920000012,425800
2.0725600920000016,468380
2.0735600920000015,0
2.0745600920000014,466608
2.0755600920000017,86932
2.076560092000001,139826
2.0775600920000015,413714
2.0785600920000014,691536
2.0795600920000012,436784
2.0805600920000016,553540
2.0815600920000015,0
2.0825600920000014,0
2.0835600920000017,510960
2.084560092000001,0
2.0855600920000015,468380
2.0865600920000014,553540
2.0875600920000013,878928
2.0885600920000016,57890
2.0895600920000015,450094
2.0905600920000014,82048
2.0915600920000017,0
2.092560092000001,524586
2.0935600920000015,539914
2.0945600920000014,0
2.0955600920000013,366844
2.0965600920000016,58956
2.0975600920000015,0
2.0985600920000014,0
2.0995600920000017,596120
2.100560092000001,920330
2.1015600920000015,16430
2.1025600920000014,322870
2.1035600920000013,613420
2.1045600920000016,470
2.1055600920000015,425800
2.1065600920000014,1192240
2.1075600920000017,0
2.108560092000001,269484
2.1095600920000015,369216
2.1105600920000014,0
2.1115600920000013,468380
2.1125600920000016,479164
2.1135600920000015,553594
2.1145600920000014,0
2.1155600920000017,425800
2.116560092000001,510960
2.1175600920000015,0
2.1185600920000014,469624
2.1195600920000013,0
2.1205600920000016,0
2.1215600920000015,0
2.1225600920000014,529038
2.1235600920000017,563146
2.124560092000001,994236
2.1255600920000015,0
2.1265600920000014,468380
2.1275600920000013,0
2.1285600920000016,1176766
2.1295600920000015,977822
2.1305600920000014,707570
2.1315600920000017,711266
2.132560092000001,514256
2.1335600920000015,553540
2.1345600920000014,425800
2.1355600920000013,979340
2.1365600920000016,553540
2.1375600920000015,596120
2.1385600920000014,468380
2.1395600920000017,468380
2.140560092000001,0
2.1415600920000015,936760
2.1425600920000014,596120
2.1435600920000013,407398
2.1445600920000016,18402
2.1455600920000015,788392
2.1465600920000014,744488
2.1475600920000018,0
2.148560092000001,0
2.1495600920000015,119306
2.1505600920000014,987828
2.1515600920000013,474388
2.1525600920000016,1101018
2.1535600920000015,0
2.1545600920000014,311794
2.1555600920000018,156586
2.156560092000001,597676
2.1575600920000015,41024
2.1585600920000014,510960
2.1595600920000013,0
2.1605600920000017,0
2.1615600920000015,21568
2.1625600920000014,411904
2.1635600920000018,460708
2.164560092000001,425800
2.1655600920000015,277648
2.1665600920000014,946188
2.1675600920000013,76380
2.1685600920000017,573304
2.1695600920000015,0
2.1705600920000014,425800
2.1715600920000018,596120
2.172560092000001,596120
2.1735600920000016,936760
2.1745600920000014,468380
2.1755600920000013,468380
2.1765600920000017,425800
2.1775600920000016,642228
2.1785600920000014,337112
2.179560092000002,0
2.1805600920000012,468380
2.1815600920000016,0
2.1825600920000015,1064500
2.1835600920000013,0
2.1845600920000017,511014
2.1855600920000016,1326200
2.1865600920000015,380232
2.187560092000002,443754
2.1885600920000012,425800
2.1895600920000016,426146
2.1905600920000015,128638
2.1915600920000013,180742
2.1925600920000017,287638
2.1935600920000016,30634
2.1945600920000015,437746
2.195560092000002,468438
2.1965600920000012,1245600
2.1975600920000016,305786
2.1985600920000015,162594
2.1995600920000014,523354
2.2005600920000017,333222
2.2015600920000016,346502
2.2025600920000015,0
2.203560092000002,0
2.2045600920000012,556652
2.2055600920000016,82048
2.2065600920000015,553540
2.2075600920000014,422326
2.2085600920000017,3474
2.2095600920000016,553540
2.2105600920000015,0
2.211560092000002,1149660
2.2125600920000013,596120
2.2135600920000016,10838
2.2145600920000015,0
2.2155600920000014,0
2.2165600920000017,468380
2.2175600920000016,0
2.2185600920000015,638700
2.219560092000002,0
2.2205600920000013,58
2.2215600920000016,944568
2.2225600920000015,997408
2.2235600920000014,1330414
2.2245600920000017,983566
2.2255600920000016,1097734
2.2265600920000015,886044
2.227560092000002,764334
2.2285600920000013,518190
2.2295600920000016,519692
2.2305600920000015,518190
2.2315600920000014,518190
2.2325600920000017,1126068
2.2335600920000016,529174
2.2345600920000015,518190
2.235560092000002,519692
2.2365600920000013,944044
2.2375600920000016,1114256
2.2385600920000015,518190
2.2395600920000014,530530
2.2405600920000017,529298
2.2415600920000016,1413980
2.2425600920000015,570260
2.243560092000002,378136
2.2445600920000013,217984
2.2455600920000016,598724
2.2465600920000015,848996
2.2475600920000014,0
2.2485600920000017,15182
2.2495600920000016,623518
2.2505600920000015,427464
2.251560092000002,524424
2.2525600920000013,410672
2.2535600920000016,0
2.2545600920000015,425854
2.2555600920000014,998990
2.2565600920000017,1044796
2.2575600920000016,0
2.2585600920000015,0
2.259560092000002,436638
2.2605600920000013,425800
2.2615600920000016,0
2.2625600920000015,638758
2.2635600920000014,414606
2.2645600920000017,659934
2.2655600920000016,524254
2.2665600920000015,443986
2.267560092000002,961154
2.2685600920000013,510960
2.2695600920000016,0
2.2705600920000015,219994
2.2715600920000014,887086
2.2725600920000018,0
2.2735600920000016,0
2.2745600920000015,425800
2.275560092000002,661338
2.2765600920000013,837066
2.2775600920000016,492412
2.2785600920000015,1366418
2.2795600920000014,219486
2.2805600920000018,553540
2.2815600920000016,979340
2.2825600920000015,0
2.283560092000002,553540
2.2845600920000013,334378
2.2855600920000017,176690
2.2865600920000015,392178
2.2875600920000014,33514
2.2885600920000018,0
2.2895600920000017,460944
2.2905600920000015,959552
2.291560092000002,1208114
2.2925600920000013,225494
2.2935600920000017,553540
2.2945600920000015,468380
2.2955600920000014,460746
2.2965600920000018,135374
2.2975600920000017,415902
2.2985600920000016,478278
2.299560092000002,638700
2.3005600920000013,0
2.3015600920000017,468380
2.3025600920000016,903122
2.3035600920000014,341812
2.304560092000002,415686
2.3055600920000017,555096
2.3065600920000016,41024
2.307560092000002,425800
2.3085600920000013,0
2.3095600920000017,0
2.3105600920000016,0
2.3115600920000015,0
2.312560092000002,0
2.3135600920000017,1277400
2.3145600920000016,596120
2.315560092000002,468380
2.3165600920000013,425800
2.3175600920000017,54
2.3185600920000016,979286
2.3195600920000015,699358
2.320560092000002,790942
2.3215600920000017,0
2.3225600920000016,468380
2.323560092000002,468380
2.3245600920000014,425800
2.3255600920000017,510960
2.3265600920000016,520696
2.3275600920000015,586384
2.328560092000002,162
2.3295600920000017,638538
2.3305600920000016,510960
2.331560092000002,1325464
2.3325600920000014,1271122
2.3335600920000017,724492
2.3345600920000016,681442
2.3355600920000015,468380
2.336560092000002,468380
2.3375600920000017,0
2.3385600920000016,0
2.339560092000002,553540
2.3405600920000014,468380
2.3415600920000017,553594
2.3425600920000016,602722
2.3435600920000015,1057844
2.344560092000002,0
2.3455600920000017,1023768
2.3465600920000016,594272
2.347560092000002,0
2.3485600920000014,468380
2.3495600920000017,468380
2.3505600920000016,0
2.3515600920000015,638700
2.352560092000002,553540
2.3535600920000017,0
2.3545600920000016,468434
2.355560092000002,596066
2.3565600920000014,468380
2.3575600920000017,324880
2.3585600920000016,569300
2.3595600920000015,553540
2.360560092000002,0
2.3615600920000017,979340
2.3625600920000016,851600
2.363560092000002,425800
2.3645600920000014,176436
2.3655600920000017,973224
2.3665600920000016,553540
2.3675600920000015,0
2.368560092000002,425800
2.3695600920000017,425800
2.3705600920000016,0
2.371560092000002,146396
2.3725600920000014,407144
2.3735600920000017,425800
2.3745600920000016,553540
2.3755600920000015,596120
2.376560092000002,0
2.3775600920000017,468380
2.3785600920000016,0
2.379560092000002,0
2.3805600920000014,566150
2.3815600920000017,455770
2.3825600920000016,0
2.3835600920000015,10622
2.384560092000002,968718
2.3855600920000017,360274
2.3865600920000016,578042
2.387560092000002,538698
2.3885600920000014,1035206
2.3895600920000017,73710
2.3905600920000016,898022
2.3915600920000015,1831514
2.392560092000002,1375852
2.3935600920000017,1401224
2.3945600920000016,1143642
2.395560092000002,1161412
2.3965600920000014,1007944
2.3975600920000018,518190
2.3985600920000016,605954
2.3995600920000015,942888
2.400560092000002,697992
2.4015600920000018,1144604
2.4025600920000016,1161196
2.403560092000002,986570
2.4045600920000014,519692
2.4055600920000018,518190
2.4065600920000016,676656
2.4075600920000015,1631478
2.408560092000002,738238
2.4095600920000018,1071730
2.4105600920000017,724520
2.411560092000002,824322
2.4125600920000014,518190
2.4135600920000018,1094368
2.4145600920000017,1327314
2.4155600920000015,529028
2.416560092000002,518190
2.4175600920000018,519692
2.4185600920000017,518190
2.419560092000002,518190
2.4205600920000014,518190
2.4215600920000018,781396
2.4225600920000017,682286
2.4235600920000016,1003146
2.424560092000002,929170
2.4255600920000018,645676
2.4265600920000017,518190
2.427560092000002,945492
2.4285600920000014,1003400
2.429560092000002,671680
2.4305600920000017,668946
2.4315600920000016,879896
2.432560092000002,998694
2.433560092000002,1059606
2.4345600920000017,519692
2.435560092000002,518190
2.4365600920000015,1071730
2.437560092000002,519692
2.4385600920000017,518190
2.4395600920000016,1540110
2.440560092000002,988072
2.441560092000002,1582690
2.4425600920000017,518190
2.443560092000002,518190
2.4445600920000015,519692
2.445560092000002,518190
2.4465600920000017,878264
2.4475600920000016,798318
2.448560092000002,518190
2.449560092000002,518190
2.4505600920000017,519692
2.451560092000002,979130
2.4525600920000015,1377230
2.453560092000002,518190
2.4545600920000017,519692
2.4555600920000016,1114310
2.456560092000002,1262596
2.457560092000002,1520304
2.4585600920000017,1051400
2.459560092000002,1411728
2.4605600920000015,1130914
2.461560092000002,1381634
2.4625600920000017,1343290
2.4635600920000016,1281400
2.464560092000002,1037882
2.465560092000002,1036380
2.4665600920000017,1500454
2.467560092000002,1128850
2.4685600920000015,1597592
2.469560092000002,1497088
2.4705600920000017,1463682
2.4715600920000016,1366344
2.472560092000002,1218878
2.473560092000002,1036380
2.4745600920000017,1039384
2.475560092000002,1176568
2.4765600920000015,1364572
2.477560092000002,1234360
2.4785600920000017,1114310
2.4795600920000016,909282
2.480560092000002,1232568
2.481560092000002,1156890
2.4825600920000017,1412370
2.483560092000002,1073232
2.4845600920000015,943990
2.485560092000002,518190
2.4865600920000017,1030652
2.4875600920000016,886590
2.488560092000002,618170
2.489560092000002,1414542
2.4905600920000017,1095412
2.491560092000002,600238
2.4925600920000015,945546
2.493560092000002,560716
2.4945600920000017,1019722
2.4955600920000016,1123738
2.496560092000002,1406454
2.497560092000002,544334
2.4985600920000017,1053004
2.499560092000002,929850
2.5005600920000015,1036380
2.501560092000002,1231274
2.5025600920000017,986570
2.5035600920000016,988072
2.504560092000002,986570
2.505560092000002,1497530
2.5065600920000017,945492
2.507560092000002,518190
2.5085600920000015,518190
2.509560092000002,1134922
2.5105600920000017,1180360
2.5115600920000016,845096
2.512560092000002,1085464
2.513560092000002,519692
2.5145600920000017,943990
2.515560092000002,972582
2.5165600920000015,1083746
2.517560092000002,521664
2.5185600920000017,1071730
2.5195600920000016,1456452
2.520560092000002,518190
2.521560092000002,518190
2.5225600920000018,1641392
2.523560092000002,929370
2.5245600920000015,1156890
2.525560092000002,518190
2.5265600920000018,1030652
2.5275600920000016,1412370
2.528560092000002,1114310
2.529560092000002,530530
2.5305600920000018,518190
2.531560092000002,997408
2.5325600920000015,1377030
2.533560092000002,871386
2.5345600920000018,712796
2.5355600920000017,1038648
2.536560092000002,648772
2.537560092000002,518190
2.5385600920000018,697846
2.539560092000002,765836
2.5405600920000015,1093898
2.541560092000002,581182
2.5425600920000018,519692
2.5435600920000017,518190
2.544560092000002,1263290
2.545560092000002,1114310
2.5465600920000018,825046
2.547560092000002,1107016
2.5485600920000016,1029150
2.549560092000002,1626772
2.5505600920000018,1071730
2.5515600920000017,986570
2.552560092000002,1094930
2.553560092000002,850974
2.554560092000002,759828
2.555560092000002,861942
2.5565600920000016,601740
2.557560092000002,1030706
2.558560092000002,559214
2.5595600920000017,519692
2.560560092000002,1071730
2.561560092000002,1132566
2.562560092000002,1523410
2.563560092000002,1071676
2.5645600920000016,943990
2.565560092000002,1179632
2.566560092000002,518190
2.5675600920000017,812106
2.568560092000002,1331354
2.569560092000002,1030652
2.570560092000002,1071730
2.571560092000002,949112
2.5725600920000016,557150
2.573560092000002,518190
2.574560092000002,518190
2.5755600920000017,519692
2.576560092000002,518190
2.577560092000002,1071730
2.578560092000002,518190
2.579560092000002,1127482
2.5805600920000016,1124408
2.581560092000002,1007382
2.582560092000002,1030652
2.5835600920000017,943990
2.584560092000002,518190
2.585560092000002,1510248
2.586560092000002,1060514
2.587560092000002,518190
2.5885600920000016,519692
2.589560092000002,518190
2.590560092000002,1029150
2.5915600920000017,1710430
2.592560092000002,1541612
2.593560092000002,518190
2.594560092000002,981124
2.595560092000002,993518
2.5965600920000016,518190
2.597560092000002,1071838
2.598560092000002,987964
2.5995600920000017,344746
2.600560092000002,0
2.601560092000002,0
2.602560092000002,436638
2.603560092000002,0
2.6045600920000016,553540
2.605560092000002,468380
2.606560092000002,510960
2.6075600920000017,0
2.608560092000002,0
2.609560092000002,936760
2.610560092000002,0
2.611560092000002,739188
2.6125600920000016,645540
2.613560092000002,169338
2.614560092000002,468488
2.6155600920000017,1107026
2.616560092000002,979340
2.617560092000002,0
2.618560092000002,0
2.619560092000002,425800
2.6205600920000016,0
2.621560092000002,209588
2.622560092000002,429112
2.6235600920000017,894180
2.624560092000002,0
2.625560092000002,3706
2.626560092000002,549834
2.627560092000002,0
2.6285600920000016,510960
2.629560092000002,638700
2.630560092000002,1192240
2.6315600920000017,468380
2.632560092000002,576756
2.633560092000002,1061512
2.634560092000002,533312
2.635560092000002,1503078
2.6365600920000016,540762
2.637560092000002,0
2.638560092000002,0
2.6395600920000017,425800
2.640560092000002,510960
2.641560092000002,0
2.642560092000002,638700
2.643560092000002,387472
2.6445600920000016,166068
2.645560092000002,0
2.646560092000002,512516
2.6475600920000018,551984
2.648560092000002,0
2.649560092000002,468380
2.650560092000002,0
2.651560092000002,553540
2.6525600920000016,838066
2.653560092000002,470006
2.654560092000002,367622
2.6555600920000018,495886
2.656560092000002,0
2.657560092000002,638700
2.658560092000002,557014
2.659560092000002,294586
2.6605600920000017,510960
2.661560092000002,0
2.662560092000002,591160
2.6635600920000018,984300
2.664560092000002,596120
2.665560092000002,90822
2.666560092000002,462718
2.667560092000002,0
2.6685600920000017,674790
2.669560092000002,1014130
2.670560092000002,974432
2.6715600920000018,510960
2.672560092000002,0
2.673560092000002,0
2.674560092000002,0
2.675560092000002,599718
2.6765600920000017,618634
2.677560092000002,357108
2.678560092000002,596120
2.679560092000002,0
2.680560092000002,0
2.681560092000002,612788
2.682560092000002,25912
2.6835600920000022,0
2.6845600920000017,203904
2.685560092000002,392216
2.686560092000002,290950
2.687560092000002,453792
2.688560092000002,843204
2.689560092000002,40932
2.690560092000002,242794
2.6915600920000022,656054
2.6925600920000017,123072
2.693560092000002,425800
2.694560092000002,512516
2.695560092000002,551984
2.696560092000002,468380
2.697560092000002,468380
2.698560092000002,703302
2.6995600920000022,318618
2.7005600920000017,0
2.701560092000002,0
2.702560092000002,0
2.703560092000002,553540
2.704560092000002,750480
2.705560092000002,314020
2.706560092000002,553540
2.7075600920000022,6548
2.7085600920000017,419252
2.709560092000002,0
2.710560092000002,0
2.711560092000002,0
2.712560092000002,1021920
2.713560092000002,0
2.714560092000002,0
2.7155600920000023,0
2.7165600920000017,1021920
2.717560092000002,511014
2.718560092000002,553486
2.719560092000002,638700
2.720560092000002,0
2.721560092000002,1021920
2.722560092000002,614776
2.7235600920000023,1470018
2.7245600920000017,129366
2.725560092000002,204936
2.726560092000002,391184
2.727560092000002,469936
2.728560092000002,594564
2.729560092000002,0
2.730560092000002,425800
2.7315600920000023,0
2.7325600920000017,884898
2.733560092000002,94442
2.734560092000002,468380
2.735560092000002,468380
2.736560092000002,0
2.737560092000002,0
2.738560092000002,0
2.7395600920000023,0
2.7405600920000017,596120
2.741560092000002,0
2.742560092000002,553540
2.743560092000002,424656
2.744560092000002,1204730
2.745560092000002,766900
2.746560092000002,665764
2.7475600920000023,546924
2.7485600920000017,239428
2.749560092000002,817454
2.750560092000002,0
2.751560092000002,510960
2.752560092000002,553594
2.753560092000002,1064446
2.754560092000002,0
2.7555600920000023,0
2.7565600920000017,66682
2.757560092000002,912658
2.758560092000002,21676
2.759560092000002,489284
2.760560092000002,0
2.761560092000002,510960
2.762560092000002,0
2.7635600920000023,0
2.7645600920000017,596120
2.765560092000002,638700
2.766560092000002,468380
2.767560092000002,0
2.768560092000002,0
2.769560092000002,254902
2.770560092000002,681858
2.7715600920000023,425800
2.7725600920000018,10838
2.773560092000002,468380
2.774560092000002,0
2.775560092000002,468438
2.776560092000002,702462
2.777560092000002,0
2.778560092000002,1099662
2.7795600920000023,7418
2.7805600920000018,553540
2.781560092000002,341872
2.782560092000002,637522
2.783560092000002,468326
2.784560092000002,499506
2.785560092000002,11454
2.786560092000002,0
2.7875600920000023,111260
2.7885600920000018,819470
2.789560092000002,625542
2.790560092000002,343752
2.791560092000002,509404
2.792560092000002,41024
2.793560092000002,510960
2.794560092000002,425800
2.7955600920000023,0
2.7965600920000018,417966
2.797560092000002,518794
2.798560092000002,0
2.799560092000002,0
2.800560092000002,574622
2.801560092000002,21498
2.802560092000002,596120
2.8035600920000023,0
2.804560092000002,553540
2.805560092000002,564378
2.806560092000002,553540
2.807560092000002,425800
2.8085600920000022,510960
2.809560092000002,276346
2.810560092000002,149454
2.8115600920000023,586638
2.812560092000002,367232
2.813560092000002,1111144
2.814560092000002,683498
2.815560092000002,425800
2.8165600920000022,0
2.817560092000002,0
2.818560092000002,468380
2.8195600920000023,106400
2.820560092000002,915830
2.821560092000002,1891518
2.822560092000002,240468
2.823560092000002,569230
2.8245600920000022,585746
2.825560092000002,674478
2.826560092000002,384706
2.8275600920000024,0
2.828560092000002,162
2.829560092000002,510798
2.830560092000002,468380
2.831560092000002,1149660
2.8325600920000022,425800
2.833560092000002,0
2.834560092000002,0
2.8355600920000024,468380
2.836560092000002,0
2.837560092000002,0
2.838560092000002,638700
2.839560092000002,468380
2.8405600920000023,381556
2.841560092000002,389282
2.842560092000002,258662
2.8435600920000024,524620
2.844560092000002,1021920
2.845560092000002,412374
2.846560092000002,524386
2.847560092000002,425800
2.8485600920000023,0
2.849560092000002,468380
2.850560092000002,596120
2.8515600920000024,468380
2.852560092000002,260910
2.853560092000002,207470
2.854560092000002,0
2.855560092000002,0
2.8565600920000023,979340
2.857560092000002,0
2.858560092000002,0
2.8595600920000024,553540
2.860560092000002,369848
2.861560092000002,55952
2.862560092000002,106400
2.863560092000002,110240
2.8645600920000023,358140
2.865560092000002,669830
2.866560092000002,307750
2.8675600920000024,860844
2.868560092000002,818324
2.869560092000002,883142
2.870560092000002,1165150
2.871560092000002,468380
2.8725600920000023,0
2.873560092000002,553540
2.874560092000002,0
2.8755600920000024,745100
2.876560092000002,81702
2.877560092000002,386678
2.878560092000002,0
2.879560092000002,596120
2.8805600920000023,0
2.881560092000002,0
2.882560092000002,15132
2.8835600920000024,390520
2.884560092000002,516688
2.885560092000002,165552
2.886560092000002,0
2.887560092000002,0
2.8885600920000023,609924
2.889560092000002,582316
2.890560092000002,0
2.8915600920000024,0
2.892560092000002,510960
2.893560092000002,425800
2.894560092000002,605602
2.895560092000002,288578
2.8965600920000023,0
2.897560092000002,425800
2.898560092000002,425908
2.8995600920000024,841432
2.900560092000002,512958
2.901560092000002,979060
2.902560092000002,1351714
2.903560092000002,0
2.9045600920000023,752656
2.905560092000002,1102008
2.906560092000002,986570
2.9075600920000024,518190
2.908560092000002,1285554
2.909560092000002,731668
2.910560092000002,943990
2.911560092000002,855194
2.9125600920000023,693648
2.913560092000002,904522
2.914560092000002,668368
2.9155600920000024,877362
2.916560092000002,518190
2.917560092000002,1156890
2.918560092000002,1249976
2.919560092000002,1404498
2.9205600920000023,1543130
2.921560092000002,1368218
2.922560092000002,1073232
2.9235600920000024,518190
2.924560092000002,1582690
2.925560092000002,233710
2.926560092000002,0
2.927560092000002,446206
2.9285600920000023,1071730
2.9295600920000022,155578
2.930560092000002,478370
2.9315600920000024,809528
2.932560092000002,0
2.9335600920000022,1149660
2.934560092000002,596120
2.935560092000002,553540
2.9365600920000023,425800
2.9375600920000022,0
2.938560092000002,1081168
2.9395600920000025,25912
2.940560092000002,768050
2.9415600920000022,381610
2.942560092000002,171206
2.943560092000002,360994
2.9445600920000023,0
2.9455600920000022,553540
2.946560092000002,1021920
2.9475600920000025,553540
2.948560092000002,0
2.9495600920000022,0
2.950560092000002,0
2.951560092000002,0
2.9525600920000024,553540
2.9535600920000022,553540
2.954560092000002,0
2.9555600920000025,425800
2.956560092000002,425800
2.9575600920000022,0
2.958560092000002,0
2.959560092000002,638700
2.9605600920000024,638700
2.9615600920000023,553540
2.962560092000002,0
2.9635600920000025,425854
2.964560092000002,425746
2.9655600920000023,0
2.966560092000002,425800
2.967560092000002,0
2.9685600920000024,506000
2.9695600920000023,1437752
2.970560092000002,310292
2.9715600920000025,196086
2.972560092000002,399256
2.9735600920000023,3474
2.974560092000002,553540
2.975560092000002,0
2.9765600920000024,425800
2.9775600920000023,738534
2.978560092000002,453706
2.9795600920000025,596120
2.980560092000002,65342
2.9815600920000023,530778
2.982560092000002,638700
2.983560092000002,894180
2.9845600920000024,425800
2.9855600920000023,26128
2.986560092000002,442252
2.9875600920000025,800678
2.988560092000002,391562
2.9895600920000023,1021920
2.990560092000002,0
2.991560092000002,557700
2.9925600920000024,711250
2.9935600920000023,625290
2.994560092000002,107020
2.9955600920000025,1216326
2.996560092000002,219178
2.9975600920000023,225116
2.998560092000002,535154
2.999560092000002,103546
3.0005600920000024,726032
3.0015600920000023,849428
3.002560092000002,510960
3.0035600920000025,0
3.004560092000002,419322
3.0055600920000023,6478
3.006560092000002,979340
3.007560092000002,425800
3.0085600920000024,66898
3.0095600920000023,572612
3.010560092000002,637890
3.0115600920000025,0
3.012560092000002,0
3.0135600920000023,510960
3.014560092000002,468380
3.015560092000002,480682
3.0165600920000024,924884
3.0175600920000023,1365284
3.018560092000002,1088776
3.0195600920000025,1481986
3.020560092000002,1071730
3.0215600920000023,518248
3.022560092000002,1038024
3.023560092000002,1448764
3.0245600920000024,1071260
3.0255600920000023,973052
3.026560092000002,533680
3.0275600920000025,943990
3.028560092000002,914982
3.0295600920000023,1102240
3.030560092000002,1005134
3.031560092000002,925426
3.0325600920000024,1626880
3.0335600920000023,1795482
3.034560092000002,1454950
3.0355600920000025,519692
3.036560092000002,1071730
3.0375600920000023,636002
3.038560092000002,75640
3.039560092000002,350160
3.0405600920000024,0
3.0415600920000023,0
3.042560092000002,596120
3.0435600920000025,0
3.044560092000002,287130
3.0455600920000023,862530
3.046560092000002,468380
3.047560092000002,0
3.0485600920000024,0
3.0495600920000023,0
3.050560092000002,15830
3.0515600920000026,1091250
3.052560092000002,638700
3.0535600920000023,59226
3.0545600920000022,451734
3.055560092000002,269560
3.0565600920000024,709780
3.0575600920000023,638808
3.0585600920000022,553432
3.0595600920000026,440966
3.060560092000002,130090
3.0615600920000023,323124
3.0625600920000022,161308
3.063560092000002,818032
3.0645600920000025,0
3.0655600920000023,0
3.0665600920000022,45816
3.0675600920000026,550304
3.068560092000002,0
3.0695600920000023,425800
3.0705600920000022,553540
3.071560092000002,802904
3.0725600920000025,644924
3.0735600920000024,468272
3.0745600920000022,0
3.0755600920000026,0
3.076560092000002,468380
3.0775600920000024,0
3.0785600920000022,0
3.079560092000002,979340
3.0805600920000025,0
3.0815600920000024,0
3.0825600920000022,0
3.0835600920000026,565664
3.084560092000002,1009796
3.0855600920000024,894180
3.0865600920000023,0
3.087560092000002,0
3.0885600920000025,0
3.0895600920000024,0
3.0905600920000023,553540
3.0915600920000026,0
3.092560092000002,0
3.0935600920000024,0
3.0945600920000023,0
3.095560092000002,468380
3.0965600920000025,748508
3.0975600920000024,315992
3.0985600920000023,0
3.0995600920000026,612696
3.100560092000002,26004
3.1015600920000024,115766
3.1025600920000023,1087274
3.103560092000002,480972
3.1045600920000025,1107080
3.1055600920000024,260910
3.1065600920000023,839708
3.1075600920000026,1411602
3.108560092000002,0
3.1095600920000024,0
3.1105600920000023,1064500
3.111560092000002,0
3.1125600920000025,0
3.1135600920000024,0
3.1145600920000023,0
3.1155600920000026,279782
3.116560092000002,188598
3.1175600920000024,567112
3.1185600920000023,29008
3.119560092000002,0
3.1205600920000025,0
3.1215600920000024,638700
3.1225600920000023,0
3.1235600920000026,580160
3.124560092000002,441760
3.1255600920000024,553540
3.1265600920000023,596120
3.127560092000002,0
3.1285600920000025,0
3.1295600920000024,0
3.1305600920000023,638700
3.1315600920000026,425800
3.132560092000002,0
3.1335600920000024,596120
3.1345600920000023,731986
3.135560092000002,332514
3.1365600920000025,265886
3.1375600920000024,202494
3.1385600920000023,519556
3.1395600920000026,797258
3.140560092000002,173486
3.1415600920000024,24734
3.1425600920000023,997186
3.143560092000002,468380
3.1445600920000025,572558
3.1455600920000024,385142
3.1465600920000023,450600
3.1475600920000026,1029150
3.148560092000002,1216080
3.1495600920000024,0
3.1505600920000023,0
3.151560092000002,468380
3.1525600920000025,979340
3.1535600920000024,158304
3.1545600920000023,863616
3.1555600920000026,659940
3.156560092000002,473972
3.1575600920000024,211760
3.1585600920000023,694906
3.159560092000002,1259322
3.1605600920000025,0
3.1615600920000024,425800
3.1625600920000023,553540
3.1635600920000027,638700
3.164560092000002,1164102
3.1655600920000024,1569560
3.1665600920000023,289518
3.167560092000002,462464
3.1685600920000025,5916
3.1695600920000024,553540
3.1705600920000023,578220
3.1715600920000027,1313750
3.172560092000002,940986
3.1735600920000024,639416
3.1745600920000023,0
3.175560092000002,0
3.1765600920000026,0
3.1775600920000024,1064500
3.1785600920000023,0
3.1795600920000027,0
3.180560092000002,107236
3.1815600920000024,361144
3.1825600920000023,0
3.1835600920000022,0
3.1845600920000026,0
3.1855600920000025,0
3.1865600920000023,0
3.1875600920000027,0
3.188560092000002,0
3.1895600920000025,1021920
3.1905600920000023,0
3.1915600920000022,584666
3.1925600920000026,157904
3.1935600920000025,450968
3.1945600920000023,510906
3.1955600920000027,638700
3.196560092000002,468380
3.1975600920000025,394404
3.1985600920000024,584936
3.1995600920000022,638700
3.2005600920000026,0
3.2015600920000025,0
3.2025600920000024,553540
3.2035600920000027,1107080
3.204560092000002,0
3.2055600920000025,0
3.2065600920000024,396322
3.2075600920000022,388866
3.2085600920000026,108992
3.2095600920000025,0
3.2105600920000024,936760
3.2115600920000027,350992
3.212560092000002,159968
3.2135600920000025,0
3.2145600920000024,66682
3.2155600920000023,1040398
3.2165600920000026,0
3.2175600920000025,468380
3.2185600920000024,425800
3.2195600920000027,507632
3.220560092000002,339208
3.2215600920000025,175080
3.2225600920000024,427356
3.2235600920000023,466824
3.2245600920000026,427356
3.2255600920000025,345038
3.2265600920000024,803066
3.2275600920000027,21568
3.228560092000002,872612
3.2295600920000025,510960
3.2305600920000024,10568
3.2315600920000023,911106
3.2325600920000026,688704
3.2335600920000025,891442
3.2345600920000024,555178
3.2355600920000027,863444
3.236560092000002,1197914
3.2375600920000025,910746
3.2385600920000024,806860
3.2395600920000023,1155388
3.2405600920000026,519692
3.2415600920000025,518190
3.2425600920000024,519692
3.2435600920000027,518190
3.244560092000002,824710
3.2455600920000025,1031874
3.2465600920000024,1255760
3.2475600920000023,943990
3.2485600920000026,1057742
3.2495600920000025,1037018
3.2505600920000024,705826
3.2515600920000027,829298
3.252560092000002,492054
3.2535600920000025,169234
3.2545600920000024,256566
3.2555600920000023,468380
3.2565600920000026,974958
3.2575600920000025,579162
3.2585600920000024,988044
3.2595600920000027,587416
3.260560092000002,0
3.2615600920000025,468380
3.2625600920000024,0
3.2635600920000023,0
3.2645600920000026,0
3.2655600920000025,525180
3.2665600920000024,539320
3.2675600920000027,596120
3.268560092000002,553540
3.2695600920000025,1244
3.2705600920000024,510960
3.2715600920000023,436638
3.2725600920000026,425800
3.2735600920000025,0
3.2745600920000024,0
3.2755600920000028,425800
3.276560092000002,0
3.2775600920000025,57832
3.2785600920000024,1006668
3.2795600920000023,638700
3.2805600920000026,425800
3.2815600920000025,56114
3.2825600920000024,965806
3.2835600920000028,0
3.284560092000002,281500
3.2855600920000025,783000
3.2865600920000024,468380
3.2875600920000023,0
3.2885600920000027,553540
3.2895600920000025,509474
3.2905600920000024,938246
3.2915600920000028,0
3.292560092000002,0
3.2935600920000025,468380
3.2945600920000024,208086
3.2955600920000023,1069314
3.2965600920000027,0
3.2975600920000026,0
3.2985600920000024,638700
3.2995600920000028,540584
3.300560092000002,12956
3.3015600920000026,72636
3.3025600920000024,353164
3.3035600920000023,468380
3.3045600920000027,0
3.3055600920000026,0
3.3065600920000024,0
3.307560092000003,638700
3.3085600920000022,468380
3.3095600920000026,54
3.3105600920000025,1064446
3.3115600920000023,106400
3.3125600920000027,317278
3.3135600920000026,108576
3.3145600920000025,1067558
3.315560092000003,82048
3.3165600920000022,0
3.3175600920000026,553540
3.3185600920000025,425800
3.3195600920000023,468380
3.3205600920000027,0
3.3215600920000026,425800
3.3225600920000025,596120
3.323560092000003,468380
3.3245600920000022,553540
3.3255600920000026,468488
3.3265600920000025,469516
3.3275600920000024,553540
3.3285600920000027,0
3.3295600920000026,0
3.3305600920000025,0
3.331560092000003,0
3.3325600920000022,468380
3.3335600920000026,936760
3.3345600920000025,143230
3.3355600920000024,921270
3.3365600920000027,542556
3.3375600920000026,479364
3.3385600920000025,425800
3.339560092000003,553540
3.3405600920000023,697818
3.3415600920000026,366682
3.3425600920000025,0
3.3435600920000024,0
3.3445600920000027,974926
3.3455600920000026,430214
3.3465600920000025,553540
3.347560092000003,0
3.3485600920000023,0
3.3495600920000026,421910
3.3505600920000025,353018
3.3515600920000024,246992
3.3525600920000027,0
3.3535600920000026,475944
3.3545600920000025,545976
3.355560092000003,185556
3.3565600920000023,1098872
3.3575600920000026,510680
3.3585600920000025,604584
3.3595600920000024,221080
3.3605600920000027,427356
3.3615600920000026,41024
3.3625600920000025,427356
3.363560092000003,41024
3.3645600920000023,425800
3.3655600920000026,468380
3.3665600920000025,638700
3.3675600920000024,0
3.3685600920000027,0
3.3695600920000026,745100
3.3705600920000025,0
3.371560092000003,614214
3.3725600920000023,1014664
3.3735600920000026,468380
3.3745600920000025,532798
3.3755600920000024,1042662
3.3765600920000027,1064500
3.3775600920000026,638700
3.3785600920000025,426254
3.379560092000003,212446
3.3805600920000023,179656
3.3815600920000026,246144
3.3825600920000025,349814
3.3835600920000024,118566
3.3845600920000027,0
3.3855600920000026,0
3.3865600920000025,74300
3.387560092000003,479240
3.3885600920000023,389066
3.3895600920000026,164474
3.3905600920000025,638700
3.3915600920000024,0
3.3925600920000027,0
3.3935600920000026,0
3.3945600920000025,596120
3.395560092000003,0
3.3965600920000023,244766
3.3975600920000026,223614
3.3985600920000025,0
3.3995600920000024,306764
3.4005600920000028,119036
3.4015600920000026,553540
3.4025600920000025,0
3.403560092000003,0
3.4045600920000023,0
3.4055600920000026,468380
3.4065600920000025,0
3.4075600920000024,553540
3.4085600920000028,0
3.4095600920000027,0
3.4105600920000025,1244
3.411560092000003,468380
3.4125600920000023,0
3.4135600920000027,553540
3.4145600920000025,553540
3.4155600920000024,520506
3.4165600920000028,782644
3.4175600920000027,338282
3.4185600920000025,0
3.419560092000003,448384
3.4205600920000023,19996
3.4215600920000027,0
3.4225600920000026,384306
3.4235600920000024,96322
3.4245600920000028,541292
3.4255600920000027,0
3.4265600920000026,425800
3.427560092000003,0
3.4285600920000023,1064500
3.4295600920000027,979340
3.4305600920000026,0
3.4315600920000024,553540
3.432560092000003,0
3.4335600920000027,1228180
3.4345600920000026,177018
3.435560092000003,425120
3.4365600920000023,1342656
3.4375600920000027,1129592
3.4385600920000026,765200
3.4395600920000025,386678
3.440560092000003,592084
3.4415600920000027,352472
3.4425600920000026,1102828
3.443560092000003,433094
3.4445600920000023,75212
3.4455600920000027,482466
3.4465600920000026,1239554
3.4475600920000025,1246048
3.448560092000003,1156890
3.4495600920000027,1030706
3.4505600920000026,560716
3.451560092000003,518190
3.4525600920000024,518190
3.4535600920000027,944806
3.4545600920000026,703200
3.4555600920000025,887406
3.456560092000003,519692
3.4575600920000027,518190
3.4585600920000026,863498
3.459560092000003,641262
3.4605600920000024,1120372
3.4615600920000027,1024590
3.4625600920000026,518190
3.4635600920000025,519692
3.464560092000003,1082568
3.4655600920000027,986570
3.4665600920000026,519692
3.467560092000003,779624
3.4685600920000024,1007290
3.4695600920000027,877482
3.4705600920000026,943990
3.4715600920000025,986570
3.472560092000003,1115866
3.4735600920000027,560716
3.4745600920000026,881144
3.475560092000003,623616
3.4765600920000024,1030652
3.4775600920000027,518190
3.4785600920000026,986570
3.4795600920000025,519692
3.480560092000003,518190
3.4815600920000027,1324098
3.4825600920000026,734202
3.483560092000003,792996
3.4845600920000024,713266
3.4855600920000027,902966
3.4865600920000026,1050178
3.4875600920000025,965488
3.488560092000003,518190
3.4895600920000027,1073232
3.4905600920000026,986570
3.491560092000003,986570
3.4925600920000024,1073232
3.4935600920000027,688618
3.4945600920000026,1327102
3.4955600920000025,518190
3.496560092000003,519692
3.4975600920000027,518190
3.4985600920000026,518190
3.499560092000003,945492
3.5005600920000024,1156890
3.5015600920000027,518190
3.5025600920000026,519692
3.5035600920000025,518190
3.504560092000003,986570
3.5055600920000027,1710430
3.5065600920000026,1073232
3.507560092000003,1029150
3.5085600920000024,518190
3.5095600920000027,1499032
3.5105600920000026,1114310
3.5115600920000025,1114310
3.512560092000003,814440
3.5135600920000027,649242
3.5145600920000026,518190
3.515560092000003,1050232
3.5165600920000024,1094730
3.5175600920000027,962122
3.5185600920000026,1053598
3.5195600920000025,1073232
3.520560092000003,518190
3.5215600920000028,1071730
3.5225600920000026,1003204
3.523560092000003,712604
3.5245600920000024,840844
3.5255600920000028,519692
3.5265600920000026,943990
3.5275600920000025,1355640
3.528560092000003,1172596
3.5295600920000028,560716
3.5305600920000026,716124
3.531560092000003,878896
3.5325600920000024,982972
3.5335600920000028,1156890
3.5345600920000027,1029150
3.5355600920000025,519692
3.536560092000003,518190
3.5375600920000028,1156890
3.5385600920000027,518190
3.539560092000003,945492
3.5405600920000024,518190
3.5415600920000028,1029150
3.5425600920000027,519692
3.5435600920000025,1582690
3.544560092000003,1029150
3.5455600920000028,945492
3.5465600920000027,1100916
3.547560092000003,2277364
3.5485600920000024,969108
3.5495600920000028,1090694
3.5505600920000027,986570
3.5515600920000026,1226262
3.552560092000003,1620322
3.553560092000003,1375952
3.5545600920000027,600238
3.555560092000003,1030652
3.5565600920000024,1071730
3.557560092000003,986570
3.5585600920000027,1152276
3.5595600920000026,1205586
3.560560092000003,1102926
3.561560092000003,955374
3.5625600920000027,1163384
3.563560092000003,981578
3.5645600920000025,1412370
3.565560092000003,519692
3.5665600920000027,1114310
3.5675600920000026,1627950
3.568560092000003,1322450
3.569560092000003,734672
3.5705600920000027,1029150
3.571560092000003,943990
3.5725600920000025,1456452
3.573560092000003,986570
3.5745600920000027,1454950
3.5755600920000026,519692
3.576560092000003,518190
3.577560092000003,518190
3.5785600920000027,1115812
3.579560092000003,986570
3.5805600920000025,986570
3.581560092000003,988072
3.5825600920000027,1114310
3.5835600920000026,1114310
3.584560092000003,518190
3.585560092000003,1030652
3.5865600920000027,518190
3.587560092000003,1497530
3.5885600920000025,519692
3.589560092000003,986570
3.5905600920000027,943990
3.5915600920000026,1626772
3.592560092000003,518190
3.593560092000003,819092
3.5945600920000027,1148856
3.595560092000003,652624
3.5965600920000025,1007344
3.597560092000003,1178696
3.5985600920000027,940688
3.5995600920000026,1828110
3.600560092000003,1428080
3.601560092000003,1115748
3.6025600920000027,1509374
3.603560092000003,1118428
3.6045600920000025,1037882
3.605560092000003,1465238
3.6065600920000027,1276478
3.6075600920000026,1981574
3.608560092000003,1087356
3.609560092000003,1482300
3.6105600920000027,1484640
3.611560092000003,1049098
3.6125600920000025,1580206
3.613560092000003,1045554
3.6145600920000027,1667408
3.6155600920000026,1037936
3.616560092000003,1889482
3.617560092000003,1078906
3.6185600920000027,1037882
3.619560092000003,1343252
3.6205600920000025,1240468
3.621560092000003,1413176
3.6225600920000027,1514188
3.6235600920000026,2228620
3.624560092000003,1144228
3.625560092000003,2017978
3.6265600920000027,2261486
3.627560092000003,1344954
3.6285600920000025,1037882
3.629560092000003,1036380
3.6305600920000027,1675080
3.6315600920000026,1527452
3.632560092000003,1144432
3.633560092000003,1104564
3.6345600920000027,1361098
3.635560092000003,1584798
3.6365600920000025,1077404
3.637560092000003,1037882
3.6385600920000027,1463682
3.6395600920000026,1589920
3.640560092000003,1675080
3.641560092000003,1039384
3.6425600920000027,1696320
3.643560092000003,1036380
3.6445600920000025,1267412
3.645560092000003,1404472
3.6465600920000028,1504760
3.6475600920000026,1463682
3.648560092000003,1370180
3.649560092000003,1129882
3.6505600920000028,1398880
3.651560092000003,1230424
3.6525600920000025,1996718
3.653560092000003,1265726
3.6545600920000028,1420404
3.6555600920000026,1379256
3.656560092000003,518190
3.657560092000003,1564844
3.6585600920000028,1048498
3.659560092000003,518190
3.6605600920000025,560948
3.661560092000003,1030474
3.6625600920000028,1029150
3.6635600920000027,518190
3.664560092000003,519692
3.665560092000003,518190
3.6665600920000028,986570
3.667560092000003,1212064
3.6685600920000025,890318
3.669560092000003,943990
3.6705600920000028,986570
3.6715600920000027,1504240
3.672560092000003,1066576
3.673560092000003,1454896
3.6745600920000028,519692
3.675560092000003,518190
3.6765600920000026,1071730
3.677560092000003,1073232
3.678560092000003,823922
3.6795600920000027,638258
3.680560092000003,877016
3.681560092000003,1182786
3.682560092000003,1027204
3.683560092000003,1445026
3.6845600920000026,1318152
3.685560092000003,1543352
3.686560092000003,901048
3.6875600920000027,712450
3.688560092000003,1402364
3.689560092000003,548700
3.690560092000003,1155620
3.691560092000003,1500302
3.6925600920000026,1667850
3.693560092000003,986570
3.694560092000003,1220994
3.6955600920000027,1492744
3.696560092000003,1433482
3.697560092000003,804958
3.698560092000003,1271982
3.699560092000003,828736
3.7005600920000026,1029150
3.701560092000003,519692
3.702560092000003,622584
3.7035600920000027,1478296
3.704560092000003,1413872
3.705560092000003,943990
3.706560092000003,518190
3.707560092000003,519692
3.7085600920000026,1412370
3.709560092000003,518190
3.710560092000003,1074476
3.7115600920000027,518190
3.712560092000003,986570
3.713560092000003,521950
3.714560092000003,1112052
3.715560092000003,826186
3.7165600920000026,1275938
3.717560092000003,945492
3.718560092000003,1497530
3.7195600920000027,1114310
3.720560092000003,945492
3.721560092000003,518190
3.722560092000003,1277536
3.723560092000003,1249144
3.7245600920000026,1030652
3.725560092000003,518190
3.726560092000003,1369790
3.7275600920000027,1115866
3.728560092000003,1485530
3.729560092000003,966720
3.730560092000003,519746
3.731560092000003,518190
3.7325600920000026,1076830
3.733560092000003,1245384
3.734560092000003,1146068
3.7355600920000027,1346174
3.736560092000003,843756
3.737560092000003,1233038
3.738560092000003,826764
3.739560092000003,518190
3.7405600920000026,519692
3.741560092000003,1454950
3.742560092000003,518190
3.7435600920000027,814802
3.744560092000003,1330160
3.745560092000003,919488
3.746560092000003,1053652
3.747560092000003,693432
3.7485600920000026,770304
3.749560092000003,1158408
3.750560092000003,1313206
3.7515600920000027,1170824
3.752560092000003,943520
3.753560092000003,1323990
3.754560092000003,796794
3.755560092000003,798318
3.7565600920000026,519692
3.757560092000003,922600
3.758560092000003,1135700
3.7595600920000027,722494
3.760560092000003,783768
3.761560092000003,1030706
3.762560092000003,1156890
3.763560092000003,560716
3.7645600920000026,985068
3.765560092000003,631542
3.766560092000003,1387182
3.7675600920000027,518190
3.768560092000003,986570
3.769560092000003,943990
3.770560092000003,988072
3.771560092000003,943990
3.7725600920000026,1043754
3.773560092000003,1079240
3.774560092000003,540158
3.7755600920000028,1029150
3.776560092000003,519692
3.777560092000003,1156890
3.778560092000003,943990
3.779560092000003,943990
3.7805600920000026,1531098
3.781560092000003,528704
3.782560092000003,550438
3.7835600920000028,1008244
3.784560092000003,572170
3.785560092000003,977196
3.786560092000003,614226
3.787560092000003,1454950
3.7885600920000027,518190
3.789560092000003,519692
3.790560092000003,518190
3.7915600920000028,518190
3.792560092000003,518190
3.793560092000003,1158392
3.794560092000003,1454950
3.795560092000003,518190
3.7965600920000027,1536636
3.797560092000003,1076706
3.798560092000003,986570
3.7995600920000028,1499032
3.800560092000003,1114310
3.801560092000003,986570
3.802560092000003,518190
3.8035600920000032,519692
3.8045600920000027,1389932
3.805560092000003,207184
